Clifford,53,Soivo Manor,umevolaw@sufikad.tj,(715) 494-6725
Steve,22,Efofog Terrace,denpokfo@po.mo,(442) 350-7025
Glen,44,Vuni Highway,keg@mutirnu.gp,(931) 237-9419
Richard,24,Mail Key,ru@owlu.td,(824) 333-2938
Verna,22,Muwgaw Street,lin@cerunavef.mw,(388) 262-8115
Keith,53,Feci Square,noij@mo.gl,(368) 960-4610
Mable,48,Muef River,da@kuijodad.gd,(774) 903-9623
Amy,25,Arofih Avenue,te@deduz.sn,(545) 746-5114
Paul,64,Amcep Plaza,gohocwa@ci.ci,(740) 455-1882
Mina,27,Jehpa View,ci@fel.cn,(307) 236-2709
Emma,58,Jizcak Boulevard,tipadi@ajhidnog.uk,(426) 848-1322
Loretta,26,Cegjun Terrace,ahri@cilukac.cl,(341) 216-1387
Lena,48,Gomi Plaza,haver@fefikfe.td,(282) 369-4323
Iva,55,Onmu Court,nedihel@wap.gq,(501) 690-7014
Anne,32,Fivja Court,ivoluz@dehnibfu.cn,(605) 695-4797
Norman,30,Macib Avenue,suvner@uloepuiki.am,(403) 511-3766
Hester,57,Sehe Junction,ukugaub@bud.pf,(228) 541-1200
Ada,57,Ponom Mill,bevtofod@wetjah.tf,(449) 836-6979
Roxie,37,Besu Parkway,ambod@avo.tp,(425) 526-9659
Lilly,62,Cado Drive,wa@erguzo.ps,(486) 719-1778
Chase,54,Afomo Parkway,kadufoso@osrudem.sd,(766) 720-7962
Bill,21,Ucihu Mill,ra@emcav.et,(341) 723-2145
Rebecca,23,Giruw Boulevard,juweg@wuk.it,(566) 463-4606
Norman,47,Morjej Drive,mur@cafka.aw,(676) 990-3671
Shane,55,Haso Pass,mupecotil@ce.sy,(247) 210-4525
Jack,45,Fipir Key,wi@maike.cw,(612) 201-4400
